Image Path,True Label,Predicted Label
test\african_hunting_dog\n0211673800000882.jpg,african_hunting_dog,black_footed_ferret
test\african_hunting_dog\n0211673800000883.jpg,african_hunting_dog,ant
test\african_hunting_dog\n0211673800000884.jpg,african_hunting_dog,rhinoceros_beetle
test\african_hunting_dog\n0211673800000897.jpg,african_hunting_dog,black_footed_ferret
test\african_hunting_dog\n0211673800000904.jpg,african_hunting_dog,dalmatian
test\african_hunting_dog\n0211673800000906.jpg,african_hunting_dog,dalmatian
test\african_hunting_dog\n0211673800000926.jpg,african_hunting_dog,coral_reef
test\african_hunting_dog\n0211673800000927.jpg,african_hunting_dog,unicycle
test\african_hunting_dog\n0211673800000930.jpg,african_hunting_dog,coral_reef
test\african_hunting_dog\n0211673800000960.jpg,african_hunting_dog,dalmatian
test\african_hunting_dog\n0211673800000961.jpg,african_hunting_dog,goose
test\african_hunting_dog\n0211673800000967.jpg,african_hunting_dog,spider_web
test\african_hunting_dog\n0211673800000970.jpg,african_hunting_dog,triceratops
test\african_hunting_dog\n0211673800000972.jpg,african_hunting_dog,ant
test\african_hunting_dog\n0211673800000974.jpg,african_hunting_dog,triceratops
test\african_hunting_dog\n0211673800000975.jpg,african_hunting_dog,lion
test\african_hunting_dog\n0211673800000979.jpg,african_hunting_dog,rhinoceros_beetle
test\african_hunting_dog\n0211673800000982.jpg,african_hunting_dog,dalmatian
test\african_hunting_dog\n0211673800000984.jpg,african_hunting_dog,dalmatian
test\african_hunting_dog\n0211673800001004.jpg,african_hunting_dog,rhinoceros_beetle
test\african_hunting_dog\n0211673800001014.jpg,african_hunting_dog,rhinoceros_beetle
test\african_hunting_dog\n0211673800001015.jpg,african_hunting_dog,lion
test\african_hunting_dog\n0211673800001031.jpg,african_hunting_dog,rhinoceros_beetle
test\african_hunting_dog\n0211673800001037.jpg,african_hunting_dog,rhinoceros_beetle
test\african_hunting_dog\n0211673800001047.jpg,african_hunting_dog,rhinoceros_beetle
test\african_hunting_dog\n0211673800001051.jpg,african_hunting_dog,dalmatian
test\african_hunting_dog\n0211673800001066.jpg,african_hunting_dog,lion
test\african_hunting_dog\n0211673800001069.jpg,african_hunting_dog,rhinoceros_beetle
test\ant\n0221948600000888.jpg,ant,black_footed_ferret
test\ant\n0221948600000896.jpg,ant,spider_web
test\ant\n0221948600000898.jpg,ant,photocopier
test\ant\n0221948600000903.jpg,ant,coral_reef
test\ant\n0221948600000905.jpg,ant,ladybug
test\ant\n0221948600000907.jpg,ant,spider_web
test\ant\n0221948600000911.jpg,ant,king_crab
test\ant\n0221948600000925.jpg,ant,parallel_bars
test\ant\n0221948600000926.jpg,ant,snorkel
test\ant\n0221948600000930.jpg,ant,spider_web
test\ant\n0221948600000931.jpg,ant,green_mamba
test\ant\n0221948600000933.jpg,ant,miniature_poodle
test\ant\n0221948600000934.jpg,ant,ladybug
test\ant\n0221948600000937.jpg,ant,spider_web
test\ant\n0221948600000939.jpg,ant,king_crab
test\ant\n0221948600000942.jpg,ant,green_mamba
test\ant\n0221948600000944.jpg,ant,ladybug
test\ant\n0221948600000946.jpg,ant,king_crab
test\ant\n0221948600000947.jpg,ant,lipstick
test\ant\n0221948600000951.jpg,ant,fire_screen
test\ant\n0221948600000954.jpg,ant,spider_web
test\ant\n0221948600000961.jpg,ant,rhinoceros_beetle
test\ant\n0221948600000966.jpg,ant,goose
test\ant\n0221948600000970.jpg,ant,combination_lock
test\ant\n0221948600000972.jpg,ant,orange
test\ant\n0221948600000973.jpg,ant,ladybug
test\ant\n0221948600000974.jpg,ant,miniature_poodle
test\ant\n0221948600000975.jpg,ant,spider_web
test\ant\n0221948600000979.jpg,ant,ladybug
test\ant\n0221948600000983.jpg,ant,lipstick
test\ant\n0221948600000984.jpg,ant,orange
test\ant\n0221948600000988.jpg,ant,coral_reef
test\ant\n0221948600000995.jpg,ant,rhinoceros_beetle
test\ant\n0221948600000997.jpg,ant,spider_web
test\ant\n0221948600000999.jpg,ant,rhinoceros_beetle
test\ant\n0221948600001000.jpg,ant,rhinoceros_beetle
test\ant\n0221948600001001.jpg,ant,ladybug
test\ant\n0221948600001005.jpg,ant,ladybug
test\ant\n0221948600001012.jpg,ant,dalmatian
test\ant\n0221948600001014.jpg,ant,green_mamba
test\ant\n0221948600001016.jpg,ant,snorkel
test\ant\n0221948600001021.jpg,ant,coral_reef
test\ant\n0221948600001023.jpg,ant,ladybug
test\ant\n0221948600001024.jpg,ant,spider_web
test\ant\n0221948600001025.jpg,ant,spider_web
test\ant\n0221948600001030.jpg,ant,african_hunting_dog
test\ant\n0221948600001031.jpg,ant,miniature_poodle
test\ant\n0221948600001033.jpg,ant,lion
test\ant\n0221948600001052.jpg,ant,black_footed_ferret
test\ant\n0221948600001053.jpg,ant,rhinoceros_beetle
test\ant\n0221948600001057.jpg,ant,coral_reef
test\ant\n0221948600001060.jpg,ant,ladybug
test\ant\n0221948600001062.jpg,ant,coral_reef
test\ant\n0221948600001065.jpg,ant,unicycle
test\ant\n0221948600001070.jpg,ant,ladybug
test\ant\n0221948600001074.jpg,ant,black_footed_ferret
test\ant\n0221948600001077.jpg,ant,consomme
test\ant\n0221948600001079.jpg,ant,orange
test\ant\n0221948600001084.jpg,ant,rhinoceros_beetle
test\ant\n0221948600001085.jpg,ant,rhinoceros_beetle
test\ant\n0221948600001086.jpg,ant,orange
test\ant\n0221948600001088.jpg,ant,combination_lock
test\ashcan\n0274717700000880.jpg,ashcan,toucan
test\ashcan\n0274717700000885.jpg,ashcan,goose
test\ashcan\n0274717700000889.jpg,ashcan,catamaran
test\ashcan\n0274717700000891.jpg,ashcan,photocopier
test\ashcan\n0274717700000892.jpg,ashcan,combination_lock
test\ashcan\n0274717700000897.jpg,ashcan,cocktail_shaker
test\ashcan\n0274717700000900.jpg,ashcan,miniature_poodle
test\ashcan\n0274717700000903.jpg,ashcan,bookshop
test\ashcan\n0274717700000909.jpg,ashcan,photocopier
test\ashcan\n0274717700000911.jpg,ashcan,parallel_bars
test\ashcan\n0274717700000918.jpg,ashcan,dishrag
test\ashcan\n0274717700000923.jpg,ashcan,parallel_bars
test\ashcan\n0274717700000925.jpg,ashcan,unicycle
test\ashcan\n0274717700000927.jpg,ashcan,goose
test\ashcan\n0274717700000929.jpg,ashcan,triceratops
test\ashcan\n0274717700000932.jpg,ashcan,dalmatian
test\ashcan\n0274717700000938.jpg,ashcan,spider_web
test\ashcan\n0274717700000940.jpg,ashcan,unicycle
test\ashcan\n0274717700000944.jpg,ashcan,catamaran
test\ashcan\n0274717700000948.jpg,ashcan,fire_screen
test\ashcan\n0274717700000950.jpg,ashcan,parallel_bars
test\ashcan\n0274717700000952.jpg,ashcan,snorkel
test\ashcan\n0274717700000954.jpg,ashcan,vase
test\ashcan\n0274717700000959.jpg,ashcan,goose
test\ashcan\n0274717700000961.jpg,ashcan,combination_lock
test\ashcan\n0274717700000963.jpg,ashcan,vase
test\ashcan\n0274717700000966.jpg,ashcan,vase
test\ashcan\n0274717700000967.jpg,ashcan,parallel_bars
test\ashcan\n0274717700000974.jpg,ashcan,combination_lock
test\ashcan\n0274717700000975.jpg,ashcan,cocktail_shaker
test\ashcan\n0274717700000978.jpg,ashcan,cocktail_shaker
test\ashcan\n0274717700000980.jpg,ashcan,spider_web
test\ashcan\n0274717700000986.jpg,ashcan,unicycle
test\ashcan\n0274717700000987.jpg,ashcan,fire_screen
test\ashcan\n0274717700000989.jpg,ashcan,parallel_bars
test\ashcan\n0274717700000990.jpg,ashcan,orange
test\ashcan\n0274717700000997.jpg,ashcan,combination_lock
test\ashcan\n0274717700001001.jpg,ashcan,vase
test\ashcan\n0274717700001002.jpg,ashcan,goose
test\ashcan\n0274717700001004.jpg,ashcan,organ
test\ashcan\n0274717700001005.jpg,ashcan,organ
test\ashcan\n0274717700001006.jpg,ashcan,parallel_bars
test\ashcan\n0274717700001010.jpg,ashcan,parallel_bars
test\ashcan\n0274717700001011.jpg,ashcan,toucan
test\ashcan\n0274717700001014.jpg,ashcan,unicycle
test\ashcan\n0274717700001018.jpg,ashcan,snorkel
test\ashcan\n0274717700001020.jpg,ashcan,parallel_bars
test\ashcan\n0274717700001021.jpg,ashcan,unicycle
test\ashcan\n0274717700001032.jpg,ashcan,catamaran
test\ashcan\n0274717700001037.jpg,ashcan,unicycle
test\ashcan\n0274717700001038.jpg,ashcan,catamaran
test\ashcan\n0274717700001042.jpg,ashcan,photocopier
test\ashcan\n0274717700001045.jpg,ashcan,dalmatian
test\ashcan\n0274717700001047.jpg,ashcan,parallel_bars
test\ashcan\n0274717700001048.jpg,ashcan,goose
test\ashcan\n0274717700001069.jpg,ashcan,parallel_bars
test\ashcan\n0274717700001072.jpg,ashcan,bookshop
test\ashcan\n0274717700001073.jpg,ashcan,catamaran
test\ashcan\n0274717700001074.jpg,ashcan,orange
test\ashcan\n0274717700001078.jpg,ashcan,dishrag
test\ashcan\n0274717700001079.jpg,ashcan,bookshop
test\ashcan\n0274717700001080.jpg,ashcan,catamaran
test\ashcan\n0274717700001084.jpg,ashcan,snorkel
test\ashcan\n0274717700001088.jpg,ashcan,dalmatian
test\black_footed_ferret\n0244348400000849.jpg,black_footed_ferret,miniature_poodle
test\black_footed_ferret\n0244348400000851.jpg,black_footed_ferret,fire_screen
test\black_footed_ferret\n0244348400000857.jpg,black_footed_ferret,goose
test\black_footed_ferret\n0244348400000859.jpg,black_footed_ferret,lipstick
test\black_footed_ferret\n0244348400000871.jpg,black_footed_ferret,bookshop
test\black_footed_ferret\n0244348400000872.jpg,black_footed_ferret,lipstick
test\black_footed_ferret\n0244348400000873.jpg,black_footed_ferret,triceratops
test\black_footed_ferret\n0244348400000881.jpg,black_footed_ferret,african_hunting_dog
test\black_footed_ferret\n0244348400000882.jpg,black_footed_ferret,goose
test\black_footed_ferret\n0244348400000883.jpg,black_footed_ferret,lipstick
test\black_footed_ferret\n0244348400000885.jpg,black_footed_ferret,african_hunting_dog
test\black_footed_ferret\n0244348400000891.jpg,black_footed_ferret,dalmatian
test\black_footed_ferret\n0244348400000898.jpg,black_footed_ferret,parallel_bars
test\black_footed_ferret\n0244348400000900.jpg,black_footed_ferret,lipstick
test\black_footed_ferret\n0244348400000901.jpg,black_footed_ferret,african_hunting_dog
test\black_footed_ferret\n0244348400000912.jpg,black_footed_ferret,parallel_bars
test\black_footed_ferret\n0244348400000913.jpg,black_footed_ferret,african_hunting_dog
test\black_footed_ferret\n0244348400000924.jpg,black_footed_ferret,miniature_poodle
test\black_footed_ferret\n0244348400000929.jpg,black_footed_ferret,lipstick
test\black_footed_ferret\n0244348400000933.jpg,black_footed_ferret,cocktail_shaker
test\black_footed_ferret\n0244348400000935.jpg,black_footed_ferret,snorkel
test\black_footed_ferret\n0244348400000949.jpg,black_footed_ferret,toucan
test\black_footed_ferret\n0244348400000961.jpg,black_footed_ferret,lipstick
test\black_footed_ferret\n0244348400000972.jpg,black_footed_ferret,miniature_poodle
test\black_footed_ferret\n0244348400000977.jpg,black_footed_ferret,miniature_poodle
test\black_footed_ferret\n0244348400000980.jpg,black_footed_ferret,triceratops
test\black_footed_ferret\n0244348400000984.jpg,black_footed_ferret,ant
test\black_footed_ferret\n0244348400000990.jpg,black_footed_ferret,rhinoceros_beetle
test\black_footed_ferret\n0244348400000995.jpg,black_footed_ferret,miniature_poodle
test\black_footed_ferret\n0244348400001004.jpg,black_footed_ferret,dalmatian
test\black_footed_ferret\n0244348400001009.jpg,black_footed_ferret,goose
test\black_footed_ferret\n0244348400001011.jpg,black_footed_ferret,parallel_bars
test\black_footed_ferret\n0244348400001023.jpg,black_footed_ferret,rhinoceros_beetle
test\black_footed_ferret\n0244348400001039.jpg,black_footed_ferret,miniature_poodle
test\black_footed_ferret\n0244348400001045.jpg,black_footed_ferret,miniature_poodle
test\black_footed_ferret\n0244348400001046.jpg,black_footed_ferret,rhinoceros_beetle
test\black_footed_ferret\n0244348400001049.jpg,black_footed_ferret,goose
test\black_footed_ferret\n0244348400001054.jpg,black_footed_ferret,goose
test\black_footed_ferret\n0244348400001061.jpg,black_footed_ferret,lipstick
test\bookshop\n0287152500000858.jpg,bookshop,organ
test\bookshop\n0287152500000865.jpg,bookshop,slot
test\bookshop\n0287152500000866.jpg,bookshop,cocktail_shaker
test\bookshop\n0287152500000867.jpg,bookshop,organ
test\bookshop\n0287152500000871.jpg,bookshop,lipstick
test\bookshop\n0287152500000874.jpg,bookshop,lipstick
test\bookshop\n0287152500000879.jpg,bookshop,catamaran
test\bookshop\n0287152500000881.jpg,bookshop,slot
test\bookshop\n0287152500000882.jpg,bookshop,unicycle
test\bookshop\n0287152500000885.jpg,bookshop,ashcan
test\bookshop\n0287152500000893.jpg,bookshop,carousel
test\bookshop\n0287152500000910.jpg,bookshop,parallel_bars
test\bookshop\n0287152500000920.jpg,bookshop,king_crab
test\bookshop\n0287152500000921.jpg,bookshop,parallel_bars
test\bookshop\n0287152500000923.jpg,bookshop,rhinoceros_beetle
test\bookshop\n0287152500000924.jpg,bookshop,slot
test\bookshop\n0287152500000932.jpg,bookshop,ashcan
test\bookshop\n0287152500000936.jpg,bookshop,carousel
test\bookshop\n0287152500000942.jpg,bookshop,lipstick
test\bookshop\n0287152500000943.jpg,bookshop,organ
test\bookshop\n0287152500000944.jpg,bookshop,photocopier
test\bookshop\n0287152500000952.jpg,bookshop,ashcan
test\bookshop\n0287152500000953.jpg,bookshop,coral_reef
test\bookshop\n0287152500000962.jpg,bookshop,ashcan
test\bookshop\n0287152500000974.jpg,bookshop,slot
test\bookshop\n0287152500000975.jpg,bookshop,organ
test\bookshop\n0287152500000980.jpg,bookshop,carousel
test\bookshop\n0287152500000986.jpg,bookshop,photocopier
test\bookshop\n0287152500000992.jpg,bookshop,slot
test\bookshop\n0287152500000995.jpg,bookshop,carousel
test\bookshop\n0287152500001004.jpg,bookshop,dalmatian
test\bookshop\n0287152500001006.jpg,bookshop,organ
test\bookshop\n0287152500001007.jpg,bookshop,organ
test\bookshop\n0287152500001015.jpg,bookshop,catamaran
test\bookshop\n0287152500001016.jpg,bookshop,photocopier
test\bookshop\n0287152500001020.jpg,bookshop,organ
test\bookshop\n0287152500001024.jpg,bookshop,organ
test\bookshop\n0287152500001025.jpg,bookshop,lipstick
test\bookshop\n0287152500001028.jpg,bookshop,ant
test\bookshop\n0287152500001035.jpg,bookshop,king_crab
test\bookshop\n0287152500001040.jpg,bookshop,organ
test\bookshop\n0287152500001045.jpg,bookshop,carousel
test\bookshop\n0287152500001054.jpg,bookshop,cocktail_shaker
test\bookshop\n0287152500001057.jpg,bookshop,slot
test\bookshop\n0287152500001066.jpg,bookshop,carousel
test\bookshop\n0287152500001069.jpg,bookshop,ashcan
test\carousel\n0296619300000862.jpg,carousel,fire_screen
test\carousel\n0296619300000868.jpg,carousel,bookshop
test\carousel\n0296619300000880.jpg,carousel,slot
test\carousel\n0296619300000881.jpg,carousel,coral_reef
test\carousel\n0296619300000886.jpg,carousel,organ
test\carousel\n0296619300000903.jpg,carousel,catamaran
test\carousel\n0296619300000912.jpg,carousel,king_crab
test\carousel\n0296619300000916.jpg,carousel,king_crab
test\carousel\n0296619300000918.jpg,carousel,parallel_bars
test\carousel\n0296619300000920.jpg,carousel,orange
test\carousel\n0296619300000921.jpg,carousel,bookshop
test\carousel\n0296619300000924.jpg,carousel,vase
test\carousel\n0296619300000927.jpg,carousel,coral_reef
test\carousel\n0296619300000930.jpg,carousel,photocopier
test\carousel\n0296619300000935.jpg,carousel,toucan
test\carousel\n0296619300000937.jpg,carousel,unicycle
test\carousel\n0296619300000939.jpg,carousel,catamaran
test\carousel\n0296619300000952.jpg,carousel,bookshop
test\carousel\n0296619300000956.jpg,carousel,king_crab
test\carousel\n0296619300000957.jpg,carousel,triceratops
test\carousel\n0296619300000959.jpg,carousel,dalmatian
test\carousel\n0296619300000960.jpg,carousel,parallel_bars
test\carousel\n0296619300000962.jpg,carousel,slot
test\carousel\n0296619300000963.jpg,carousel,organ
test\carousel\n0296619300000970.jpg,carousel,unicycle
test\carousel\n0296619300000973.jpg,carousel,orange
test\carousel\n0296619300000977.jpg,carousel,king_crab
test\carousel\n0296619300000988.jpg,carousel,fire_screen
test\carousel\n0296619300000989.jpg,carousel,parallel_bars
test\carousel\n0296619300000990.jpg,carousel,lipstick
test\carousel\n0296619300000991.jpg,carousel,king_crab
test\carousel\n0296619300000994.jpg,carousel,miniature_poodle
test\carousel\n0296619300000997.jpg,carousel,organ
test\carousel\n0296619300000998.jpg,carousel,triceratops
test\carousel\n0296619300001000.jpg,carousel,fire_screen
test\carousel\n0296619300001008.jpg,carousel,miniature_poodle
test\carousel\n0296619300001014.jpg,carousel,lipstick
test\carousel\n0296619300001016.jpg,carousel,bookshop
test\carousel\n0296619300001018.jpg,carousel,bookshop
test\carousel\n0296619300001021.jpg,carousel,vase
test\carousel\n0296619300001026.jpg,carousel,triceratops
test\carousel\n0296619300001029.jpg,carousel,triceratops
test\carousel\n0296619300001035.jpg,carousel,snorkel
test\carousel\n0296619300001054.jpg,carousel,parallel_bars
test\catamaran\n0298179200000897.jpg,catamaran,snorkel
test\catamaran\n0298179200000898.jpg,catamaran,snorkel
test\catamaran\n0298179200000903.jpg,catamaran,parallel_bars
test\catamaran\n0298179200000909.jpg,catamaran,parallel_bars
test\catamaran\n0298179200000914.jpg,catamaran,parallel_bars
test\catamaran\n0298179200000924.jpg,catamaran,unicycle
test\catamaran\n0298179200000925.jpg,catamaran,snorkel
test\catamaran\n0298179200000950.jpg,catamaran,carousel
test\catamaran\n0298179200000964.jpg,catamaran,snorkel
test\catamaran\n0298179200000966.jpg,catamaran,goose
test\catamaran\n0298179200000968.jpg,catamaran,snorkel
test\catamaran\n0298179200000969.jpg,catamaran,unicycle
test\catamaran\n0298179200000970.jpg,catamaran,parallel_bars
test\catamaran\n0298179200000971.jpg,catamaran,parallel_bars
test\catamaran\n0298179200000972.jpg,catamaran,unicycle
test\catamaran\n0298179200000973.jpg,catamaran,unicycle
test\catamaran\n0298179200000984.jpg,catamaran,combination_lock
test\catamaran\n0298179200000985.jpg,catamaran,parallel_bars
test\catamaran\n0298179200000986.jpg,catamaran,unicycle
test\catamaran\n0298179200000989.jpg,catamaran,snorkel
test\catamaran\n0298179200000995.jpg,catamaran,snorkel
test\catamaran\n0298179200001002.jpg,catamaran,african_hunting_dog
test\catamaran\n0298179200001025.jpg,catamaran,green_mamba
test\catamaran\n0298179200001026.jpg,catamaran,snorkel
test\catamaran\n0298179200001027.jpg,catamaran,photocopier
test\catamaran\n0298179200001030.jpg,catamaran,bookshop
test\catamaran\n0298179200001032.jpg,catamaran,cocktail_shaker
test\catamaran\n0298179200001041.jpg,catamaran,goose
test\catamaran\n0298179200001043.jpg,catamaran,snorkel
test\catamaran\n0298179200001049.jpg,catamaran,photocopier
test\catamaran\n0298179200001053.jpg,catamaran,snorkel
test\catamaran\n0298179200001054.jpg,catamaran,snorkel
test\catamaran\n0298179200001067.jpg,catamaran,unicycle
test\catamaran\n0298179200001080.jpg,catamaran,photocopier
test\cocktail_shaker\n0306224500000779.jpg,cocktail_shaker,consomme
test\cocktail_shaker\n0306224500000782.jpg,cocktail_shaker,catamaran
test\cocktail_shaker\n0306224500000797.jpg,cocktail_shaker,ashcan
test\cocktail_shaker\n0306224500000811.jpg,cocktail_shaker,catamaran
test\cocktail_shaker\n0306224500000818.jpg,cocktail_shaker,ashcan
test\cocktail_shaker\n0306224500000825.jpg,cocktail_shaker,unicycle
test\cocktail_shaker\n0306224500000831.jpg,cocktail_shaker,carousel
test\cocktail_shaker\n0306224500000839.jpg,cocktail_shaker,carousel
test\cocktail_shaker\n0306224500000842.jpg,cocktail_shaker,ashcan
test\cocktail_shaker\n0306224500000845.jpg,cocktail_shaker,orange
test\cocktail_shaker\n0306224500000847.jpg,cocktail_shaker,ashcan
test\cocktail_shaker\n0306224500000849.jpg,cocktail_shaker,ashcan
test\cocktail_shaker\n0306224500000850.jpg,cocktail_shaker,snorkel
test\cocktail_shaker\n0306224500000853.jpg,cocktail_shaker,fire_screen
test\cocktail_shaker\n0306224500000858.jpg,cocktail_shaker,slot
test\cocktail_shaker\n0306224500000859.jpg,cocktail_shaker,organ
test\cocktail_shaker\n0306224500000861.jpg,cocktail_shaker,king_crab
test\cocktail_shaker\n0306224500000862.jpg,cocktail_shaker,photocopier
test\cocktail_shaker\n0306224500000865.jpg,cocktail_shaker,ashcan
test\cocktail_shaker\n0306224500000870.jpg,cocktail_shaker,carousel
test\cocktail_shaker\n0306224500000871.jpg,cocktail_shaker,ant
test\cocktail_shaker\n0306224500000872.jpg,cocktail_shaker,combination_lock
test\cocktail_shaker\n0306224500000877.jpg,cocktail_shaker,orange
test\cocktail_shaker\n0306224500000878.jpg,cocktail_shaker,combination_lock
test\cocktail_shaker\n0306224500000879.jpg,cocktail_shaker,black_footed_ferret
test\cocktail_shaker\n0306224500000882.jpg,cocktail_shaker,combination_lock
test\cocktail_shaker\n0306224500000888.jpg,cocktail_shaker,carousel
test\cocktail_shaker\n0306224500000889.jpg,cocktail_shaker,photocopier
test\cocktail_shaker\n0306224500000890.jpg,cocktail_shaker,ashcan
test\cocktail_shaker\n0306224500000891.jpg,cocktail_shaker,king_crab
test\cocktail_shaker\n0306224500000893.jpg,cocktail_shaker,lipstick
test\cocktail_shaker\n0306224500000896.jpg,cocktail_shaker,lipstick
test\cocktail_shaker\n0306224500000897.jpg,cocktail_shaker,bookshop
test\cocktail_shaker\n0306224500000898.jpg,cocktail_shaker,dishrag
test\cocktail_shaker\n0306224500000904.jpg,cocktail_shaker,slot
test\cocktail_shaker\n0306224500000905.jpg,cocktail_shaker,ashcan
test\cocktail_shaker\n0306224500000906.jpg,cocktail_shaker,carousel
test\cocktail_shaker\n0306224500000907.jpg,cocktail_shaker,carousel
test\cocktail_shaker\n0306224500000908.jpg,cocktail_shaker,vase
test\cocktail_shaker\n0306224500000911.jpg,cocktail_shaker,toucan
test\cocktail_shaker\n0306224500000913.jpg,cocktail_shaker,lipstick
test\cocktail_shaker\n0306224500000915.jpg,cocktail_shaker,bookshop
test\cocktail_shaker\n0306224500000919.jpg,cocktail_shaker,combination_lock
test\cocktail_shaker\n0306224500000921.jpg,cocktail_shaker,parallel_bars
test\cocktail_shaker\n0306224500000924.jpg,cocktail_shaker,parallel_bars
test\cocktail_shaker\n0306224500000929.jpg,cocktail_shaker,lipstick
test\cocktail_shaker\n0306224500000931.jpg,cocktail_shaker,fire_screen
test\cocktail_shaker\n0306224500000933.jpg,cocktail_shaker,ashcan
test\cocktail_shaker\n0306224500000936.jpg,cocktail_shaker,orange
test\cocktail_shaker\n0306224500000939.jpg,cocktail_shaker,bookshop
test\cocktail_shaker\n0306224500000944.jpg,cocktail_shaker,miniature_poodle
test\cocktail_shaker\n0306224500000946.jpg,cocktail_shaker,vase
test\cocktail_shaker\n0306224500000948.jpg,cocktail_shaker,vase
test\cocktail_shaker\n0306224500000956.jpg,cocktail_shaker,bookshop
test\combination_lock\n0307537000000814.jpg,combination_lock,organ
test\combination_lock\n0307537000000815.jpg,combination_lock,photocopier
test\combination_lock\n0307537000000816.jpg,combination_lock,organ
test\combination_lock\n0307537000000817.jpg,combination_lock,dalmatian
test\combination_lock\n0307537000000818.jpg,combination_lock,organ
test\combination_lock\n0307537000000821.jpg,combination_lock,dalmatian
test\combination_lock\n0307537000000824.jpg,combination_lock,ashcan
test\combination_lock\n0307537000000825.jpg,combination_lock,unicycle
test\combination_lock\n0307537000000827.jpg,combination_lock,photocopier
test\combination_lock\n0307537000000830.jpg,combination_lock,fire_screen
test\combination_lock\n0307537000000831.jpg,combination_lock,rhinoceros_beetle
test\combination_lock\n0307537000000832.jpg,combination_lock,cocktail_shaker
test\combination_lock\n0307537000000842.jpg,combination_lock,organ
test\combination_lock\n0307537000000847.jpg,combination_lock,snorkel
test\combination_lock\n0307537000000848.jpg,combination_lock,consomme
test\combination_lock\n0307537000000851.jpg,combination_lock,cocktail_shaker
test\combination_lock\n0307537000000854.jpg,combination_lock,organ
test\combination_lock\n0307537000000855.jpg,combination_lock,parallel_bars
test\combination_lock\n0307537000000859.jpg,combination_lock,photocopier
test\combination_lock\n0307537000000861.jpg,combination_lock,lion
test\combination_lock\n0307537000000862.jpg,combination_lock,ashcan
test\combination_lock\n0307537000000863.jpg,combination_lock,spider_web
test\combination_lock\n0307537000000866.jpg,combination_lock,slot
test\combination_lock\n0307537000000873.jpg,combination_lock,catamaran
test\combination_lock\n0307537000000874.jpg,combination_lock,toucan
test\combination_lock\n0307537000000875.jpg,combination_lock,triceratops
test\combination_lock\n0307537000000877.jpg,combination_lock,green_mamba
test\combination_lock\n0307537000000886.jpg,combination_lock,parallel_bars
test\combination_lock\n0307537000000895.jpg,combination_lock,parallel_bars
test\combination_lock\n0307537000000896.jpg,combination_lock,cocktail_shaker
test\combination_lock\n0307537000000900.jpg,combination_lock,spider_web
test\combination_lock\n0307537000000901.jpg,combination_lock,lipstick
test\combination_lock\n0307537000000902.jpg,combination_lock,slot
test\combination_lock\n0307537000000906.jpg,combination_lock,photocopier
test\combination_lock\n0307537000000908.jpg,combination_lock,king_crab
test\combination_lock\n0307537000000909.jpg,combination_lock,lipstick
test\combination_lock\n0307537000000913.jpg,combination_lock,lipstick
test\combination_lock\n0307537000000920.jpg,combination_lock,catamaran
test\combination_lock\n0307537000000931.jpg,combination_lock,spider_web
test\combination_lock\n0307537000000932.jpg,combination_lock,parallel_bars
test\combination_lock\n0307537000000937.jpg,combination_lock,black_footed_ferret
test\combination_lock\n0307537000000940.jpg,combination_lock,dalmatian
test\combination_lock\n0307537000000941.jpg,combination_lock,king_crab
test\combination_lock\n0307537000000942.jpg,combination_lock,spider_web
test\combination_lock\n0307537000000943.jpg,combination_lock,fire_screen
test\combination_lock\n0307537000000944.jpg,combination_lock,bookshop
test\combination_lock\n0307537000000945.jpg,combination_lock,catamaran
test\combination_lock\n0307537000000948.jpg,combination_lock,coral_reef
test\combination_lock\n0307537000000952.jpg,combination_lock,rhinoceros_beetle
test\combination_lock\n0307537000000966.jpg,combination_lock,fire_screen
test\combination_lock\n0307537000000968.jpg,combination_lock,catamaran
test\combination_lock\n0307537000000969.jpg,combination_lock,cocktail_shaker
test\combination_lock\n0307537000000971.jpg,combination_lock,dalmatian
test\combination_lock\n0307537000000977.jpg,combination_lock,unicycle
test\combination_lock\n0307537000000978.jpg,combination_lock,dalmatian
test\combination_lock\n0307537000000979.jpg,combination_lock,spider_web
test\combination_lock\n0307537000000981.jpg,combination_lock,parallel_bars
test\combination_lock\n0307537000000983.jpg,combination_lock,dalmatian
test\combination_lock\n0307537000000988.jpg,combination_lock,cocktail_shaker
test\combination_lock\n0307537000000994.jpg,combination_lock,consomme
test\combination_lock\n0307537000000995.jpg,combination_lock,lipstick
test\combination_lock\n0307537000000996.jpg,combination_lock,cocktail_shaker
test\combination_lock\n0307537000000997.jpg,combination_lock,cocktail_shaker
test\combination_lock\n0307537000001000.jpg,combination_lock,lipstick
test\consomme\n0758411000000831.jpg,consomme,vase
test\consomme\n0758411000000843.jpg,consomme,orange
test\consomme\n0758411000000844.jpg,consomme,orange
test\consomme\n0758411000000850.jpg,consomme,orange
test\consomme\n0758411000000855.jpg,consomme,ant
test\consomme\n0758411000000868.jpg,consomme,photocopier
test\consomme\n0758411000000879.jpg,consomme,orange
test\consomme\n0758411000000893.jpg,consomme,orange
test\consomme\n0758411000000896.jpg,consomme,king_crab
test\consomme\n0758411000000899.jpg,consomme,orange
test\consomme\n0758411000000901.jpg,consomme,dishrag
test\consomme\n0758411000000902.jpg,consomme,green_mamba
test\consomme\n0758411000000908.jpg,consomme,cocktail_shaker
test\consomme\n0758411000000913.jpg,consomme,miniature_poodle
test\consomme\n0758411000000948.jpg,consomme,orange
test\consomme\n0758411000000957.jpg,consomme,lion
test\consomme\n0758411000000959.jpg,consomme,orange
test\consomme\n0758411000000966.jpg,consomme,king_crab
test\consomme\n0758411000000972.jpg,consomme,black_footed_ferret
test\consomme\n0758411000000973.jpg,consomme,ant
test\coral_reef\n0925647900000889.jpg,coral_reef,spider_web
test\coral_reef\n0925647900000896.jpg,coral_reef,triceratops
test\coral_reef\n0925647900000899.jpg,coral_reef,snorkel
test\coral_reef\n0925647900000902.jpg,coral_reef,african_hunting_dog
test\coral_reef\n0925647900000908.jpg,coral_reef,king_crab
test\coral_reef\n0925647900000912.jpg,coral_reef,ant
test\coral_reef\n0925647900000919.jpg,coral_reef,green_mamba
test\coral_reef\n0925647900000928.jpg,coral_reef,rhinoceros_beetle
test\coral_reef\n0925647900000943.jpg,coral_reef,dishrag
test\coral_reef\n0925647900000955.jpg,coral_reef,spider_web
test\coral_reef\n0925647900000962.jpg,coral_reef,black_footed_ferret
test\coral_reef\n0925647900000971.jpg,coral_reef,rhinoceros_beetle
test\coral_reef\n0925647900000972.jpg,coral_reef,king_crab
test\coral_reef\n0925647900000988.jpg,coral_reef,lion
test\coral_reef\n0925647900000992.jpg,coral_reef,rhinoceros_beetle
test\coral_reef\n0925647900000993.jpg,coral_reef,snorkel
test\coral_reef\n0925647900000999.jpg,coral_reef,ant
test\coral_reef\n0925647900001010.jpg,coral_reef,ant
test\coral_reef\n0925647900001023.jpg,coral_reef,spider_web
test\coral_reef\n0925647900001035.jpg,coral_reef,lion
test\coral_reef\n0925647900001041.jpg,coral_reef,spider_web
test\coral_reef\n0925647900001050.jpg,coral_reef,unicycle
test\coral_reef\n0925647900001054.jpg,coral_reef,green_mamba
test\coral_reef\n0925647900001061.jpg,coral_reef,ant
test\coral_reef\n0925647900001062.jpg,coral_reef,ant
test\coral_reef\n0925647900001068.jpg,coral_reef,dishrag
test\coral_reef\n0925647900001071.jpg,coral_reef,spider_web
test\coral_reef\n0925647900001073.jpg,coral_reef,toucan
test\coral_reef\n0925647900001075.jpg,coral_reef,miniature_poodle
test\coral_reef\n0925647900001076.jpg,coral_reef,spider_web
test\coral_reef\n0925647900001077.jpg,coral_reef,goose
test\coral_reef\n0925647900001088.jpg,coral_reef,miniature_poodle
test\coral_reef\n0925647900001092.jpg,coral_reef,black_footed_ferret
test\dalmatian\n0211034100000870.jpg,dalmatian,combination_lock
test\dalmatian\n0211034100000871.jpg,dalmatian,parallel_bars
test\dalmatian\n0211034100000872.jpg,dalmatian,goose
test\dalmatian\n0211034100000889.jpg,dalmatian,triceratops
test\dalmatian\n0211034100000892.jpg,dalmatian,triceratops
test\dalmatian\n0211034100000899.jpg,dalmatian,ashcan
test\dalmatian\n0211034100000904.jpg,dalmatian,combination_lock
test\dalmatian\n0211034100000911.jpg,dalmatian,catamaran
test\dalmatian\n0211034100000941.jpg,dalmatian,black_footed_ferret
test\dalmatian\n0211034100000959.jpg,dalmatian,spider_web
test\dalmatian\n0211034100000962.jpg,dalmatian,photocopier
test\dalmatian\n0211034100000968.jpg,dalmatian,miniature_poodle
test\dalmatian\n0211034100000973.jpg,dalmatian,unicycle
test\dalmatian\n0211034100000985.jpg,dalmatian,miniature_poodle
test\dalmatian\n0211034100000988.jpg,dalmatian,unicycle
test\dalmatian\n0211034100000994.jpg,dalmatian,carousel
test\dalmatian\n0211034100000995.jpg,dalmatian,african_hunting_dog
test\dalmatian\n0211034100001025.jpg,dalmatian,ashcan
test\dalmatian\n0211034100001027.jpg,dalmatian,unicycle
test\dalmatian\n0211034100001032.jpg,dalmatian,parallel_bars
test\dalmatian\n0211034100001042.jpg,dalmatian,miniature_poodle
test\dishrag\n0320774300000860.jpg,dishrag,ant
test\dishrag\n0320774300000873.jpg,dishrag,snorkel
test\dishrag\n0320774300000875.jpg,dishrag,ashcan
test\dishrag\n0320774300000885.jpg,dishrag,king_crab
test\dishrag\n0320774300000891.jpg,dishrag,combination_lock
test\dishrag\n0320774300000900.jpg,dishrag,king_crab
test\dishrag\n0320774300000904.jpg,dishrag,carousel
test\dishrag\n0320774300000919.jpg,dishrag,king_crab
test\dishrag\n0320774300000926.jpg,dishrag,king_crab
test\dishrag\n0320774300000933.jpg,dishrag,coral_reef
test\dishrag\n0320774300000942.jpg,dishrag,spider_web
test\dishrag\n0320774300000943.jpg,dishrag,spider_web
test\dishrag\n0320774300000950.jpg,dishrag,black_footed_ferret
test\dishrag\n0320774300000952.jpg,dishrag,dalmatian
test\dishrag\n0320774300000953.jpg,dishrag,fire_screen
test\dishrag\n0320774300000958.jpg,dishrag,ant
test\dishrag\n0320774300000975.jpg,dishrag,spider_web
test\dishrag\n0320774300000983.jpg,dishrag,coral_reef
test\dishrag\n0320774300000991.jpg,dishrag,lipstick
test\dishrag\n0320774300000998.jpg,dishrag,orange
test\dishrag\n0320774300001000.jpg,dishrag,ashcan
test\dishrag\n0320774300001002.jpg,dishrag,orange
test\dishrag\n0320774300001010.jpg,dishrag,green_mamba
test\dishrag\n0320774300001027.jpg,dishrag,carousel
test\dishrag\n0320774300001033.jpg,dishrag,black_footed_ferret
test\dishrag\n0320774300001036.jpg,dishrag,green_mamba
test\dishrag\n0320774300001047.jpg,dishrag,catamaran
test\dishrag\n0320774300001048.jpg,dishrag,vase
test\dishrag\n0320774300001054.jpg,dishrag,vase
test\dishrag\n0320774300001057.jpg,dishrag,green_mamba
test\dishrag\n0320774300001061.jpg,dishrag,unicycle
test\dishrag\n0320774300001074.jpg,dishrag,ant
test\fire_screen\n0334703700000910.jpg,fire_screen,parallel_bars
test\fire_screen\n0334703700000923.jpg,fire_screen,photocopier
test\fire_screen\n0334703700000928.jpg,fire_screen,catamaran
test\fire_screen\n0334703700000929.jpg,fire_screen,photocopier
test\fire_screen\n0334703700000931.jpg,fire_screen,organ
test\fire_screen\n0334703700000932.jpg,fire_screen,parallel_bars
test\fire_screen\n0334703700000935.jpg,fire_screen,cocktail_shaker
test\fire_screen\n0334703700000942.jpg,fire_screen,spider_web
test\fire_screen\n0334703700000949.jpg,fire_screen,organ
test\fire_screen\n0334703700000970.jpg,fire_screen,parallel_bars
test\fire_screen\n0334703700000973.jpg,fire_screen,king_crab
test\fire_screen\n0334703700000975.jpg,fire_screen,parallel_bars
test\fire_screen\n0334703700000979.jpg,fire_screen,bookshop
test\fire_screen\n0334703700000990.jpg,fire_screen,photocopier
test\fire_screen\n0334703700000996.jpg,fire_screen,combination_lock
test\fire_screen\n0334703700001004.jpg,fire_screen,cocktail_shaker
test\fire_screen\n0334703700001008.jpg,fire_screen,triceratops
test\fire_screen\n0334703700001016.jpg,fire_screen,bookshop
test\fire_screen\n0334703700001017.jpg,fire_screen,orange
test\fire_screen\n0334703700001018.jpg,fire_screen,combination_lock
test\fire_screen\n0334703700001030.jpg,fire_screen,photocopier
test\fire_screen\n0334703700001031.jpg,fire_screen,organ
test\fire_screen\n0334703700001049.jpg,fire_screen,dishrag
test\fire_screen\n0334703700001051.jpg,fire_screen,ashcan
test\fire_screen\n0334703700001071.jpg,fire_screen,unicycle
test\fire_screen\n0334703700001074.jpg,fire_screen,cocktail_shaker
test\fire_screen\n0334703700001079.jpg,fire_screen,catamaran
test\fire_screen\n0334703700001082.jpg,fire_screen,king_crab
test\fire_screen\n0334703700001087.jpg,fire_screen,combination_lock
test\fire_screen\n0334703700001093.jpg,fire_screen,organ
test\fire_screen\n0334703700001099.jpg,fire_screen,parallel_bars
test\fire_screen\n0334703700001101.jpg,fire_screen,bookshop
test\goose\n0185567200000874.jpg,goose,lion
test\goose\n0185567200000888.jpg,goose,spider_web
test\goose\n0185567200000893.jpg,goose,toucan
test\goose\n0185567200000894.jpg,goose,parallel_bars
test\goose\n0185567200000895.jpg,goose,triceratops
test\goose\n0185567200000897.jpg,goose,snorkel
test\goose\n0185567200000907.jpg,goose,toucan
test\goose\n0185567200000923.jpg,goose,unicycle
test\goose\n0185567200000925.jpg,goose,lion
test\goose\n0185567200000934.jpg,goose,photocopier
test\goose\n0185567200000936.jpg,goose,miniature_poodle
test\goose\n0185567200000939.jpg,goose,toucan
test\goose\n0185567200000942.jpg,goose,triceratops
test\goose\n0185567200000945.jpg,goose,ashcan
test\goose\n0185567200000947.jpg,goose,king_crab
test\goose\n0185567200000949.jpg,goose,triceratops
test\goose\n0185567200000951.jpg,goose,dalmatian
test\goose\n0185567200000956.jpg,goose,lipstick
test\goose\n0185567200000983.jpg,goose,unicycle
test\goose\n0185567200000986.jpg,goose,orange
test\goose\n0185567200000989.jpg,goose,snorkel
test\goose\n0185567200001000.jpg,goose,unicycle
test\goose\n0185567200001006.jpg,goose,lion
test\goose\n0185567200001020.jpg,goose,african_hunting_dog
test\goose\n0185567200001022.jpg,goose,spider_web
test\goose\n0185567200001025.jpg,goose,toucan
test\goose\n0185567200001034.jpg,goose,black_footed_ferret
test\goose\n0185567200001046.jpg,goose,lion
test\goose\n0185567200001047.jpg,goose,photocopier
test\goose\n0185567200001051.jpg,goose,green_mamba
test\goose\n0185567200001053.jpg,goose,unicycle
test\goose\n0185567200001054.jpg,goose,lion
test\goose\n0185567200001056.jpg,goose,ant
test\goose\n0185567200001057.jpg,goose,snorkel
test\goose\n0185567200001058.jpg,goose,african_hunting_dog
test\goose\n0185567200001061.jpg,goose,dalmatian
test\goose\n0185567200001064.jpg,goose,ant
test\goose\n0185567200001065.jpg,goose,unicycle
test\goose\n0185567200001067.jpg,goose,african_hunting_dog
test\goose\n0185567200001068.jpg,goose,ant
test\goose\n0185567200001077.jpg,goose,lion
test\goose\n0185567200001078.jpg,goose,ant
test\goose\n0185567200001079.jpg,goose,dalmatian
test\goose\n0185567200001081.jpg,goose,unicycle
test\green_mamba\n0174993900000862.jpg,green_mamba,king_crab
test\green_mamba\n0174993900000863.jpg,green_mamba,goose
test\green_mamba\n0174993900000866.jpg,green_mamba,king_crab
test\green_mamba\n0174993900000874.jpg,green_mamba,triceratops
test\green_mamba\n0174993900000878.jpg,green_mamba,lipstick
test\green_mamba\n0174993900000880.jpg,green_mamba,ladybug
test\green_mamba\n0174993900000881.jpg,green_mamba,parallel_bars
test\green_mamba\n0174993900000883.jpg,green_mamba,parallel_bars
test\green_mamba\n0174993900000885.jpg,green_mamba,ant
test\green_mamba\n0174993900000897.jpg,green_mamba,ant
test\green_mamba\n0174993900000902.jpg,green_mamba,ladybug
test\green_mamba\n0174993900000919.jpg,green_mamba,lion
test\green_mamba\n0174993900000931.jpg,green_mamba,catamaran
test\green_mamba\n0174993900000942.jpg,green_mamba,fire_screen
test\green_mamba\n0174993900000946.jpg,green_mamba,combination_lock
test\green_mamba\n0174993900000950.jpg,green_mamba,orange
test\green_mamba\n0174993900000953.jpg,green_mamba,consomme
test\green_mamba\n0174993900000957.jpg,green_mamba,parallel_bars
test\green_mamba\n0174993900000962.jpg,green_mamba,spider_web
test\green_mamba\n0174993900000966.jpg,green_mamba,ant
test\green_mamba\n0174993900000979.jpg,green_mamba,toucan
test\green_mamba\n0174993900000987.jpg,green_mamba,ashcan
test\green_mamba\n0174993900000993.jpg,green_mamba,organ
test\green_mamba\n0174993900000996.jpg,green_mamba,ant
test\green_mamba\n0174993900000998.jpg,green_mamba,ant
test\green_mamba\n0174993900001006.jpg,green_mamba,spider_web
test\green_mamba\n0174993900001015.jpg,green_mamba,ant
test\green_mamba\n0174993900001017.jpg,green_mamba,lipstick
test\green_mamba\n0174993900001021.jpg,green_mamba,vase
test\green_mamba\n0174993900001027.jpg,green_mamba,lion
test\green_mamba\n0174993900001037.jpg,green_mamba,spider_web
test\green_mamba\n0174993900001043.jpg,green_mamba,ashcan
test\green_mamba\n0174993900001044.jpg,green_mamba,ladybug
test\green_mamba\n0174993900001046.jpg,green_mamba,ladybug
test\king_crab\n0198127600000875.jpg,king_crab,triceratops
test\king_crab\n0198127600000882.jpg,king_crab,triceratops
test\king_crab\n0198127600000884.jpg,king_crab,ant
test\king_crab\n0198127600000887.jpg,king_crab,triceratops
test\king_crab\n0198127600000907.jpg,king_crab,carousel
test\king_crab\n0198127600000915.jpg,king_crab,bookshop
test\king_crab\n0198127600000918.jpg,king_crab,parallel_bars
test\king_crab\n0198127600000919.jpg,king_crab,snorkel
test\king_crab\n0198127600000920.jpg,king_crab,carousel
test\king_crab\n0198127600000924.jpg,king_crab,ant
test\king_crab\n0198127600000926.jpg,king_crab,triceratops
test\king_crab\n0198127600000927.jpg,king_crab,parallel_bars
test\king_crab\n0198127600000928.jpg,king_crab,unicycle
test\king_crab\n0198127600000929.jpg,king_crab,rhinoceros_beetle
test\king_crab\n0198127600000931.jpg,king_crab,consomme
test\king_crab\n0198127600000939.jpg,king_crab,orange
test\king_crab\n0198127600000947.jpg,king_crab,african_hunting_dog
test\king_crab\n0198127600000950.jpg,king_crab,parallel_bars
test\king_crab\n0198127600000956.jpg,king_crab,snorkel
test\king_crab\n0198127600000957.jpg,king_crab,snorkel
test\king_crab\n0198127600000963.jpg,king_crab,parallel_bars
test\king_crab\n0198127600000964.jpg,king_crab,combination_lock
test\king_crab\n0198127600000972.jpg,king_crab,triceratops
test\king_crab\n0198127600000975.jpg,king_crab,coral_reef
test\king_crab\n0198127600000978.jpg,king_crab,rhinoceros_beetle
test\king_crab\n0198127600000981.jpg,king_crab,dishrag
test\king_crab\n0198127600000986.jpg,king_crab,orange
test\king_crab\n0198127600000987.jpg,king_crab,triceratops
test\king_crab\n0198127600000989.jpg,king_crab,carousel
test\king_crab\n0198127600001013.jpg,king_crab,coral_reef
test\king_crab\n0198127600001014.jpg,king_crab,consomme
test\king_crab\n0198127600001020.jpg,king_crab,coral_reef
test\king_crab\n0198127600001029.jpg,king_crab,coral_reef
test\king_crab\n0198127600001034.jpg,king_crab,lipstick
test\king_crab\n0198127600001044.jpg,king_crab,ant
test\king_crab\n0198127600001054.jpg,king_crab,orange
test\king_crab\n0198127600001057.jpg,king_crab,dalmatian
test\king_crab\n0198127600001058.jpg,king_crab,coral_reef
test\king_crab\n0198127600001060.jpg,king_crab,lion
test\king_crab\n0198127600001064.jpg,king_crab,ant
test\king_crab\n0198127600001073.jpg,king_crab,miniature_poodle
test\king_crab\n0198127600001074.jpg,king_crab,lion
test\king_crab\n0198127600001085.jpg,king_crab,coral_reef
test\ladybug\n0216545600000878.jpg,ladybug,ant
test\ladybug\n0216545600000882.jpg,ladybug,ant
test\ladybug\n0216545600000887.jpg,ladybug,rhinoceros_beetle
test\ladybug\n0216545600000898.jpg,ladybug,consomme
test\ladybug\n0216545600000899.jpg,ladybug,king_crab
test\ladybug\n0216545600000907.jpg,ladybug,snorkel
test\ladybug\n0216545600000911.jpg,ladybug,green_mamba
test\ladybug\n0216545600000913.jpg,ladybug,combination_lock
test\ladybug\n0216545600000916.jpg,ladybug,snorkel
test\ladybug\n0216545600000922.jpg,ladybug,rhinoceros_beetle
test\ladybug\n0216545600000927.jpg,ladybug,spider_web
test\ladybug\n0216545600000938.jpg,ladybug,rhinoceros_beetle
test\ladybug\n0216545600000940.jpg,ladybug,black_footed_ferret
test\ladybug\n0216545600000945.jpg,ladybug,snorkel
test\ladybug\n0216545600000947.jpg,ladybug,lion
test\ladybug\n0216545600000958.jpg,ladybug,cocktail_shaker
test\ladybug\n0216545600000960.jpg,ladybug,orange
test\ladybug\n0216545600000961.jpg,ladybug,snorkel
test\ladybug\n0216545600000964.jpg,ladybug,spider_web
test\ladybug\n0216545600000968.jpg,ladybug,green_mamba
test\ladybug\n0216545600000973.jpg,ladybug,combination_lock
test\ladybug\n0216545600000979.jpg,ladybug,coral_reef
test\ladybug\n0216545600000984.jpg,ladybug,triceratops
test\ladybug\n0216545600000986.jpg,ladybug,combination_lock
test\ladybug\n0216545600000996.jpg,ladybug,dalmatian
test\ladybug\n0216545600000997.jpg,ladybug,snorkel
test\ladybug\n0216545600001008.jpg,ladybug,king_crab
test\ladybug\n0216545600001011.jpg,ladybug,spider_web
test\ladybug\n0216545600001015.jpg,ladybug,ant
test\ladybug\n0216545600001018.jpg,ladybug,coral_reef
test\ladybug\n0216545600001024.jpg,ladybug,king_crab
test\ladybug\n0216545600001041.jpg,ladybug,toucan
test\ladybug\n0216545600001045.jpg,ladybug,green_mamba
test\ladybug\n0216545600001047.jpg,ladybug,ant
test\ladybug\n0216545600001051.jpg,ladybug,combination_lock
test\ladybug\n0216545600001054.jpg,ladybug,goose
test\ladybug\n0216545600001064.jpg,ladybug,green_mamba
test\ladybug\n0216545600001069.jpg,ladybug,ant
test\lion\n0212916500000876.jpg,lion,black_footed_ferret
test\lion\n0212916500000883.jpg,lion,miniature_poodle
test\lion\n0212916500000884.jpg,lion,goose
test\lion\n0212916500000897.jpg,lion,miniature_poodle
test\lion\n0212916500000925.jpg,lion,triceratops
test\lion\n0212916500000933.jpg,lion,goose
test\lion\n0212916500000936.jpg,lion,coral_reef
test\lion\n0212916500000946.jpg,lion,african_hunting_dog
test\lion\n0212916500000963.jpg,lion,spider_web
test\lion\n0212916500000969.jpg,lion,ant
test\lion\n0212916500000979.jpg,lion,african_hunting_dog
test\lion\n0212916500001001.jpg,lion,toucan
test\lion\n0212916500001014.jpg,lion,miniature_poodle
test\lion\n0212916500001017.jpg,lion,spider_web
test\lion\n0212916500001026.jpg,lion,miniature_poodle
test\lion\n0212916500001029.jpg,lion,black_footed_ferret
test\lion\n0212916500001030.jpg,lion,snorkel
test\lion\n0212916500001044.jpg,lion,spider_web
test\lion\n0212916500001046.jpg,lion,king_crab
test\lion\n0212916500001054.jpg,lion,african_hunting_dog
test\lion\n0212916500001067.jpg,lion,miniature_poodle
test\lion\n0212916500001068.jpg,lion,black_footed_ferret
test\lion\n0212916500001072.jpg,lion,king_crab
test\lion\n0212916500001080.jpg,lion,miniature_poodle
test\lion\n0212916500001084.jpg,lion,black_footed_ferret
test\lion\n0212916500001085.jpg,lion,toucan
test\lipstick\n0367648300000855.jpg,lipstick,orange
test\lipstick\n0367648300000856.jpg,lipstick,catamaran
test\lipstick\n0367648300000864.jpg,lipstick,black_footed_ferret
test\lipstick\n0367648300000868.jpg,lipstick,ant
test\lipstick\n0367648300000878.jpg,lipstick,cocktail_shaker
test\lipstick\n0367648300000886.jpg,lipstick,fire_screen
test\lipstick\n0367648300000887.jpg,lipstick,goose
test\lipstick\n0367648300000891.jpg,lipstick,bookshop
test\lipstick\n0367648300000897.jpg,lipstick,dalmatian
test\lipstick\n0367648300000900.jpg,lipstick,slot
test\lipstick\n0367648300000903.jpg,lipstick,dalmatian
test\lipstick\n0367648300000921.jpg,lipstick,orange
test\lipstick\n0367648300000923.jpg,lipstick,photocopier
test\lipstick\n0367648300000924.jpg,lipstick,parallel_bars
test\lipstick\n0367648300000933.jpg,lipstick,slot
test\lipstick\n0367648300000935.jpg,lipstick,miniature_poodle
test\lipstick\n0367648300000936.jpg,lipstick,green_mamba
test\lipstick\n0367648300000941.jpg,lipstick,combination_lock
test\lipstick\n0367648300000943.jpg,lipstick,snorkel
test\lipstick\n0367648300000945.jpg,lipstick,green_mamba
test\lipstick\n0367648300000950.jpg,lipstick,ladybug
test\lipstick\n0367648300000951.jpg,lipstick,parallel_bars
test\lipstick\n0367648300000968.jpg,lipstick,vase
test\lipstick\n0367648300000970.jpg,lipstick,combination_lock
test\lipstick\n0367648300000971.jpg,lipstick,triceratops
test\lipstick\n0367648300000981.jpg,lipstick,photocopier
test\lipstick\n0367648300000983.jpg,lipstick,dalmatian
test\lipstick\n0367648300000986.jpg,lipstick,african_hunting_dog
test\lipstick\n0367648300001001.jpg,lipstick,black_footed_ferret
test\lipstick\n0367648300001007.jpg,lipstick,black_footed_ferret
test\lipstick\n0367648300001014.jpg,lipstick,cocktail_shaker
test\lipstick\n0367648300001017.jpg,lipstick,cocktail_shaker
test\lipstick\n0367648300001021.jpg,lipstick,goose
test\lipstick\n0367648300001026.jpg,lipstick,vase
test\lipstick\n0367648300001031.jpg,lipstick,ant
test\lipstick\n0367648300001032.jpg,lipstick,ladybug
test\lipstick\n0367648300001033.jpg,lipstick,vase
test\lipstick\n0367648300001036.jpg,lipstick,black_footed_ferret
test\lipstick\n0367648300001043.jpg,lipstick,combination_lock
test\lipstick\n0367648300001045.jpg,lipstick,combination_lock
test\lipstick\n0367648300001051.jpg,lipstick,ashcan
test\lipstick\n0367648300001053.jpg,lipstick,cocktail_shaker
test\lipstick\n0367648300001057.jpg,lipstick,snorkel
test\lipstick\n0367648300001059.jpg,lipstick,green_mamba
test\miniature_poodle\n0211371200000856.jpg,miniature_poodle,dalmatian
test\miniature_poodle\n0211371200000862.jpg,miniature_poodle,african_hunting_dog
test\miniature_poodle\n0211371200000864.jpg,miniature_poodle,black_footed_ferret
test\miniature_poodle\n0211371200000865.jpg,miniature_poodle,lion
test\miniature_poodle\n0211371200000870.jpg,miniature_poodle,photocopier
test\miniature_poodle\n0211371200000882.jpg,miniature_poodle,lion
test\miniature_poodle\n0211371200000894.jpg,miniature_poodle,lion
test\miniature_poodle\n0211371200000902.jpg,miniature_poodle,lipstick
test\miniature_poodle\n0211371200000904.jpg,miniature_poodle,black_footed_ferret
test\miniature_poodle\n0211371200000906.jpg,miniature_poodle,black_footed_ferret
test\miniature_poodle\n0211371200000908.jpg,miniature_poodle,black_footed_ferret
test\miniature_poodle\n0211371200000916.jpg,miniature_poodle,goose
test\miniature_poodle\n0211371200000921.jpg,miniature_poodle,goose
test\miniature_poodle\n0211371200000935.jpg,miniature_poodle,goose
test\miniature_poodle\n0211371200000938.jpg,miniature_poodle,lion
test\miniature_poodle\n0211371200000943.jpg,miniature_poodle,black_footed_ferret
test\miniature_poodle\n0211371200000952.jpg,miniature_poodle,black_footed_ferret
test\miniature_poodle\n0211371200000953.jpg,miniature_poodle,cocktail_shaker
test\miniature_poodle\n0211371200000966.jpg,miniature_poodle,black_footed_ferret
test\miniature_poodle\n0211371200000973.jpg,miniature_poodle,goose
test\miniature_poodle\n0211371200000978.jpg,miniature_poodle,lion
test\miniature_poodle\n0211371200000980.jpg,miniature_poodle,lion
test\miniature_poodle\n0211371200000981.jpg,miniature_poodle,goose
test\miniature_poodle\n0211371200000984.jpg,miniature_poodle,black_footed_ferret
test\miniature_poodle\n0211371200000990.jpg,miniature_poodle,black_footed_ferret
test\miniature_poodle\n0211371200000991.jpg,miniature_poodle,black_footed_ferret
test\miniature_poodle\n0211371200000999.jpg,miniature_poodle,slot
test\miniature_poodle\n0211371200001003.jpg,miniature_poodle,black_footed_ferret
test\miniature_poodle\n0211371200001004.jpg,miniature_poodle,black_footed_ferret
test\miniature_poodle\n0211371200001006.jpg,miniature_poodle,snorkel
test\miniature_poodle\n0211371200001009.jpg,miniature_poodle,black_footed_ferret
test\miniature_poodle\n0211371200001013.jpg,miniature_poodle,black_footed_ferret
test\miniature_poodle\n0211371200001029.jpg,miniature_poodle,black_footed_ferret
test\miniature_poodle\n0211371200001035.jpg,miniature_poodle,dalmatian
test\miniature_poodle\n0211371200001039.jpg,miniature_poodle,snorkel
test\miniature_poodle\n0211371200001041.jpg,miniature_poodle,lipstick
test\miniature_poodle\n0211371200001042.jpg,miniature_poodle,toucan
test\miniature_poodle\n0211371200001044.jpg,miniature_poodle,ant
test\miniature_poodle\n0211371200001053.jpg,miniature_poodle,toucan
test\miniature_poodle\n0211371200001054.jpg,miniature_poodle,parallel_bars
test\miniature_poodle\n0211371200001058.jpg,miniature_poodle,lion
test\miniature_poodle\n0211371200001059.jpg,miniature_poodle,parallel_bars
test\miniature_poodle\n0211371200001070.jpg,miniature_poodle,black_footed_ferret
test\orange\n0774760700000857.jpg,orange,carousel
test\orange\n0774760700000901.jpg,orange,vase
test\orange\n0774760700000912.jpg,orange,consomme
test\orange\n0774760700000920.jpg,orange,combination_lock
test\orange\n0774760700000921.jpg,orange,king_crab
test\orange\n0774760700000948.jpg,orange,king_crab
test\orange\n0774760700000959.jpg,orange,consomme
test\orange\n0774760700001024.jpg,orange,lipstick
test\orange\n0774760700001026.jpg,orange,toucan
test\orange\n0774760700001027.jpg,orange,toucan
test\orange\n0774760700001040.jpg,orange,ant
test\orange\n0774760700001055.jpg,orange,spider_web
test\orange\n0774760700001058.jpg,orange,coral_reef
test\orange\n0774760700001062.jpg,orange,vase
test\orange\n0774760700001064.jpg,orange,spider_web
test\orange\n0774760700001079.jpg,orange,consomme
test\orange\n0774760700001082.jpg,orange,vase
test\organ\n0385406500000868.jpg,organ,king_crab
test\organ\n0385406500000872.jpg,organ,fire_screen
test\organ\n0385406500000882.jpg,organ,fire_screen
test\organ\n0385406500000885.jpg,organ,vase
test\organ\n0385406500000886.jpg,organ,king_crab
test\organ\n0385406500000899.jpg,organ,unicycle
test\organ\n0385406500000906.jpg,organ,slot
test\organ\n0385406500000912.jpg,organ,spider_web
test\organ\n0385406500000923.jpg,organ,bookshop
test\organ\n0385406500000925.jpg,organ,carousel
test\organ\n0385406500000932.jpg,organ,bookshop
test\organ\n0385406500000964.jpg,organ,fire_screen
test\organ\n0385406500000968.jpg,organ,fire_screen
test\organ\n0385406500000971.jpg,organ,parallel_bars
test\organ\n0385406500000972.jpg,organ,fire_screen
test\organ\n0385406500000976.jpg,organ,bookshop
test\organ\n0385406500000982.jpg,organ,combination_lock
test\organ\n0385406500000987.jpg,organ,miniature_poodle
test\organ\n0385406500000989.jpg,organ,triceratops
test\organ\n0385406500000995.jpg,organ,fire_screen
test\organ\n0385406500001000.jpg,organ,ashcan
test\organ\n0385406500001010.jpg,organ,carousel
test\organ\n0385406500001015.jpg,organ,fire_screen
test\organ\n0385406500001016.jpg,organ,bookshop
test\organ\n0385406500001018.jpg,organ,lipstick
test\organ\n0385406500001020.jpg,organ,bookshop
test\organ\n0385406500001021.jpg,organ,lipstick
test\organ\n0385406500001025.jpg,organ,ant
test\organ\n0385406500001043.jpg,organ,photocopier
test\organ\n0385406500001046.jpg,organ,king_crab
test\organ\n0385406500001048.jpg,organ,photocopier
test\organ\n0385406500001050.jpg,organ,rhinoceros_beetle
test\organ\n0385406500001056.jpg,organ,ashcan
test\organ\n0385406500001063.jpg,organ,vase
test\organ\n0385406500001071.jpg,organ,bookshop
test\organ\n0385406500001074.jpg,organ,photocopier
test\parallel_bars\n0388860500000851.jpg,parallel_bars,bookshop
test\parallel_bars\n0388860500000853.jpg,parallel_bars,king_crab
test\parallel_bars\n0388860500000861.jpg,parallel_bars,lipstick
test\parallel_bars\n0388860500000867.jpg,parallel_bars,vase
test\parallel_bars\n0388860500000868.jpg,parallel_bars,lipstick
test\parallel_bars\n0388860500000869.jpg,parallel_bars,triceratops
test\parallel_bars\n0388860500000876.jpg,parallel_bars,lipstick
test\parallel_bars\n0388860500000879.jpg,parallel_bars,king_crab
test\parallel_bars\n0388860500000882.jpg,parallel_bars,goose
test\parallel_bars\n0388860500000887.jpg,parallel_bars,unicycle
test\parallel_bars\n0388860500000891.jpg,parallel_bars,lipstick
test\parallel_bars\n0388860500000896.jpg,parallel_bars,lipstick
test\parallel_bars\n0388860500000898.jpg,parallel_bars,lipstick
test\parallel_bars\n0388860500000902.jpg,parallel_bars,photocopier
test\parallel_bars\n0388860500000909.jpg,parallel_bars,unicycle
test\parallel_bars\n0388860500000910.jpg,parallel_bars,catamaran
test\parallel_bars\n0388860500000911.jpg,parallel_bars,cocktail_shaker
test\parallel_bars\n0388860500000915.jpg,parallel_bars,bookshop
test\parallel_bars\n0388860500000918.jpg,parallel_bars,unicycle
test\parallel_bars\n0388860500000919.jpg,parallel_bars,toucan
test\parallel_bars\n0388860500000922.jpg,parallel_bars,bookshop
test\parallel_bars\n0388860500000928.jpg,parallel_bars,african_hunting_dog
test\parallel_bars\n0388860500000933.jpg,parallel_bars,carousel
test\parallel_bars\n0388860500000938.jpg,parallel_bars,unicycle
test\parallel_bars\n0388860500000940.jpg,parallel_bars,ashcan
test\parallel_bars\n0388860500000945.jpg,parallel_bars,goose
test\parallel_bars\n0388860500000953.jpg,parallel_bars,bookshop
test\parallel_bars\n0388860500000956.jpg,parallel_bars,black_footed_ferret
test\parallel_bars\n0388860500000958.jpg,parallel_bars,ashcan
test\parallel_bars\n0388860500000959.jpg,parallel_bars,toucan
test\parallel_bars\n0388860500000960.jpg,parallel_bars,lipstick
test\parallel_bars\n0388860500000961.jpg,parallel_bars,king_crab
test\parallel_bars\n0388860500000962.jpg,parallel_bars,snorkel
test\parallel_bars\n0388860500000980.jpg,parallel_bars,catamaran
test\parallel_bars\n0388860500000984.jpg,parallel_bars,bookshop
test\parallel_bars\n0388860500000993.jpg,parallel_bars,unicycle
test\parallel_bars\n0388860500000999.jpg,parallel_bars,catamaran
test\parallel_bars\n0388860500001000.jpg,parallel_bars,cocktail_shaker
test\parallel_bars\n0388860500001007.jpg,parallel_bars,cocktail_shaker
test\parallel_bars\n0388860500001009.jpg,parallel_bars,catamaran
test\parallel_bars\n0388860500001012.jpg,parallel_bars,lipstick
test\parallel_bars\n0388860500001013.jpg,parallel_bars,unicycle
test\parallel_bars\n0388860500001015.jpg,parallel_bars,ant
test\parallel_bars\n0388860500001017.jpg,parallel_bars,unicycle
test\parallel_bars\n0388860500001018.jpg,parallel_bars,photocopier
test\parallel_bars\n0388860500001023.jpg,parallel_bars,unicycle
test\parallel_bars\n0388860500001034.jpg,parallel_bars,unicycle
test\parallel_bars\n0388860500001038.jpg,parallel_bars,catamaran
test\parallel_bars\n0388860500001039.jpg,parallel_bars,cocktail_shaker
test\parallel_bars\n0388860500001040.jpg,parallel_bars,catamaran
test\parallel_bars\n0388860500001041.jpg,parallel_bars,triceratops
test\parallel_bars\n0388860500001056.jpg,parallel_bars,bookshop
test\photocopier\n0392467900000874.jpg,photocopier,carousel
test\photocopier\n0392467900000877.jpg,photocopier,rhinoceros_beetle
test\photocopier\n0392467900000889.jpg,photocopier,vase
test\photocopier\n0392467900000891.jpg,photocopier,cocktail_shaker
test\photocopier\n0392467900000904.jpg,photocopier,snorkel
test\photocopier\n0392467900000913.jpg,photocopier,vase
test\photocopier\n0392467900000916.jpg,photocopier,catamaran
test\photocopier\n0392467900000917.jpg,photocopier,parallel_bars
test\photocopier\n0392467900000928.jpg,photocopier,toucan
test\photocopier\n0392467900000933.jpg,photocopier,parallel_bars
test\photocopier\n0392467900000934.jpg,photocopier,cocktail_shaker
test\photocopier\n0392467900000945.jpg,photocopier,dalmatian
test\photocopier\n0392467900000946.jpg,photocopier,dalmatian
test\photocopier\n0392467900000951.jpg,photocopier,lipstick
test\photocopier\n0392467900000960.jpg,photocopier,goose
test\photocopier\n0392467900000962.jpg,photocopier,spider_web
test\photocopier\n0392467900000970.jpg,photocopier,catamaran
test\photocopier\n0392467900000993.jpg,photocopier,snorkel
test\photocopier\n0392467900000995.jpg,photocopier,fire_screen
test\photocopier\n0392467900000997.jpg,photocopier,parallel_bars
test\photocopier\n0392467900001000.jpg,photocopier,cocktail_shaker
test\photocopier\n0392467900001030.jpg,photocopier,cocktail_shaker
test\photocopier\n0392467900001042.jpg,photocopier,ashcan
test\photocopier\n0392467900001069.jpg,photocopier,ashcan
test\rhinoceros_beetle\n0217400100000877.jpg,rhinoceros_beetle,green_mamba
test\rhinoceros_beetle\n0217400100000881.jpg,rhinoceros_beetle,black_footed_ferret
test\rhinoceros_beetle\n0217400100000884.jpg,rhinoceros_beetle,ant
test\rhinoceros_beetle\n0217400100000899.jpg,rhinoceros_beetle,coral_reef
test\rhinoceros_beetle\n0217400100000900.jpg,rhinoceros_beetle,black_footed_ferret
test\rhinoceros_beetle\n0217400100000902.jpg,rhinoceros_beetle,king_crab
test\rhinoceros_beetle\n0217400100000903.jpg,rhinoceros_beetle,ant
test\rhinoceros_beetle\n0217400100000919.jpg,rhinoceros_beetle,ant
test\rhinoceros_beetle\n0217400100000922.jpg,rhinoceros_beetle,ant
test\rhinoceros_beetle\n0217400100000926.jpg,rhinoceros_beetle,lion
test\rhinoceros_beetle\n0217400100000929.jpg,rhinoceros_beetle,vase
test\rhinoceros_beetle\n0217400100000930.jpg,rhinoceros_beetle,unicycle
test\rhinoceros_beetle\n0217400100000931.jpg,rhinoceros_beetle,unicycle
test\rhinoceros_beetle\n0217400100000933.jpg,rhinoceros_beetle,black_footed_ferret
test\rhinoceros_beetle\n0217400100000934.jpg,rhinoceros_beetle,ant
test\rhinoceros_beetle\n0217400100000936.jpg,rhinoceros_beetle,goose
test\rhinoceros_beetle\n0217400100000938.jpg,rhinoceros_beetle,ant
test\rhinoceros_beetle\n0217400100000941.jpg,rhinoceros_beetle,ant
test\rhinoceros_beetle\n0217400100000942.jpg,rhinoceros_beetle,snorkel
test\rhinoceros_beetle\n0217400100000947.jpg,rhinoceros_beetle,ant
test\rhinoceros_beetle\n0217400100000952.jpg,rhinoceros_beetle,ant
test\rhinoceros_beetle\n0217400100000960.jpg,rhinoceros_beetle,lipstick
test\rhinoceros_beetle\n0217400100000967.jpg,rhinoceros_beetle,lion
test\rhinoceros_beetle\n0217400100000970.jpg,rhinoceros_beetle,ant
test\rhinoceros_beetle\n0217400100000983.jpg,rhinoceros_beetle,black_footed_ferret
test\rhinoceros_beetle\n0217400100000992.jpg,rhinoceros_beetle,lion
test\rhinoceros_beetle\n0217400100001008.jpg,rhinoceros_beetle,lion
test\rhinoceros_beetle\n0217400100001019.jpg,rhinoceros_beetle,combination_lock
test\rhinoceros_beetle\n0217400100001021.jpg,rhinoceros_beetle,african_hunting_dog
test\rhinoceros_beetle\n0217400100001029.jpg,rhinoceros_beetle,ant
test\rhinoceros_beetle\n0217400100001040.jpg,rhinoceros_beetle,black_footed_ferret
test\rhinoceros_beetle\n0217400100001041.jpg,rhinoceros_beetle,lion
test\rhinoceros_beetle\n0217400100001050.jpg,rhinoceros_beetle,triceratops
test\rhinoceros_beetle\n0217400100001054.jpg,rhinoceros_beetle,king_crab
test\rhinoceros_beetle\n0217400100001064.jpg,rhinoceros_beetle,ant
test\slot\n0424354600000860.jpg,slot,bookshop
test\slot\n0424354600000866.jpg,slot,combination_lock
test\slot\n0424354600000868.jpg,slot,bookshop
test\slot\n0424354600000873.jpg,slot,combination_lock
test\slot\n0424354600000880.jpg,slot,carousel
test\slot\n0424354600000887.jpg,slot,dishrag
test\slot\n0424354600000891.jpg,slot,carousel
test\slot\n0424354600000898.jpg,slot,carousel
test\slot\n0424354600000900.jpg,slot,bookshop
test\slot\n0424354600000916.jpg,slot,bookshop
test\slot\n0424354600000920.jpg,slot,combination_lock
test\slot\n0424354600000925.jpg,slot,combination_lock
test\slot\n0424354600000932.jpg,slot,carousel
test\slot\n0424354600000935.jpg,slot,bookshop
test\slot\n0424354600000937.jpg,slot,parallel_bars
test\slot\n0424354600000942.jpg,slot,unicycle
test\slot\n0424354600000944.jpg,slot,combination_lock
test\slot\n0424354600000954.jpg,slot,bookshop
test\slot\n0424354600000971.jpg,slot,cocktail_shaker
test\slot\n0424354600001001.jpg,slot,cocktail_shaker
test\slot\n0424354600001002.jpg,slot,organ
test\slot\n0424354600001006.jpg,slot,bookshop
test\slot\n0424354600001008.jpg,slot,ashcan
test\slot\n0424354600001016.jpg,slot,triceratops
test\slot\n0424354600001018.jpg,slot,fire_screen
test\slot\n0424354600001031.jpg,slot,organ
test\slot\n0424354600001036.jpg,slot,combination_lock
test\slot\n0424354600001037.jpg,slot,carousel
test\slot\n0424354600001055.jpg,slot,carousel
test\slot\n0424354600001063.jpg,slot,triceratops
test\slot\n0424354600001066.jpg,slot,lipstick
test\slot\n0424354600001069.jpg,slot,triceratops
test\snorkel\n0425114400000869.jpg,snorkel,vase
test\snorkel\n0425114400000870.jpg,snorkel,coral_reef
test\snorkel\n0425114400000871.jpg,snorkel,triceratops
test\snorkel\n0425114400000888.jpg,snorkel,black_footed_ferret
test\snorkel\n0425114400000890.jpg,snorkel,unicycle
test\snorkel\n0425114400000892.jpg,snorkel,black_footed_ferret
test\snorkel\n0425114400000904.jpg,snorkel,parallel_bars
test\snorkel\n0425114400000910.jpg,snorkel,catamaran
test\snorkel\n0425114400000911.jpg,snorkel,coral_reef
test\snorkel\n0425114400000912.jpg,snorkel,bookshop
test\snorkel\n0425114400000916.jpg,snorkel,parallel_bars
test\snorkel\n0425114400000950.jpg,snorkel,unicycle
test\snorkel\n0425114400000955.jpg,snorkel,vase
test\snorkel\n0425114400000964.jpg,snorkel,parallel_bars
test\snorkel\n0425114400000971.jpg,snorkel,coral_reef
test\snorkel\n0425114400001010.jpg,snorkel,coral_reef
test\snorkel\n0425114400001012.jpg,snorkel,coral_reef
test\snorkel\n0425114400001024.jpg,snorkel,toucan
test\snorkel\n0425114400001027.jpg,snorkel,miniature_poodle
test\snorkel\n0425114400001032.jpg,snorkel,lipstick
test\snorkel\n0425114400001038.jpg,snorkel,catamaran
test\snorkel\n0425114400001046.jpg,snorkel,king_crab
test\snorkel\n0425114400001050.jpg,snorkel,ashcan
test\snorkel\n0425114400001060.jpg,snorkel,green_mamba
test\spider_web\n0427554800000861.jpg,spider_web,green_mamba
test\spider_web\n0427554800000863.jpg,spider_web,cocktail_shaker
test\spider_web\n0427554800000867.jpg,spider_web,ant
test\spider_web\n0427554800000872.jpg,spider_web,black_footed_ferret
test\spider_web\n0427554800000875.jpg,spider_web,unicycle
test\spider_web\n0427554800000879.jpg,spider_web,ashcan
test\spider_web\n0427554800000880.jpg,spider_web,dalmatian
test\spider_web\n0427554800000881.jpg,spider_web,african_hunting_dog
test\spider_web\n0427554800000882.jpg,spider_web,dishrag
test\spider_web\n0427554800000890.jpg,spider_web,coral_reef
test\spider_web\n0427554800000892.jpg,spider_web,toucan
test\spider_web\n0427554800000898.jpg,spider_web,orange
test\spider_web\n0427554800000902.jpg,spider_web,dishrag
test\spider_web\n0427554800000903.jpg,spider_web,snorkel
test\spider_web\n0427554800000905.jpg,spider_web,ant
test\spider_web\n0427554800000906.jpg,spider_web,coral_reef
test\spider_web\n0427554800000907.jpg,spider_web,coral_reef
test\spider_web\n0427554800000912.jpg,spider_web,vase
test\spider_web\n0427554800000913.jpg,spider_web,miniature_poodle
test\spider_web\n0427554800000930.jpg,spider_web,ant
test\spider_web\n0427554800000932.jpg,spider_web,unicycle
test\spider_web\n0427554800000933.jpg,spider_web,green_mamba
test\spider_web\n0427554800000939.jpg,spider_web,fire_screen
test\spider_web\n0427554800000946.jpg,spider_web,catamaran
test\spider_web\n0427554800000949.jpg,spider_web,ladybug
test\spider_web\n0427554800000952.jpg,spider_web,coral_reef
test\spider_web\n0427554800000962.jpg,spider_web,ant
test\spider_web\n0427554800000964.jpg,spider_web,coral_reef
test\spider_web\n0427554800000968.jpg,spider_web,consomme
test\spider_web\n0427554800000977.jpg,spider_web,ant
test\spider_web\n0427554800000982.jpg,spider_web,lion
test\spider_web\n0427554800000983.jpg,spider_web,unicycle
test\spider_web\n0427554800000984.jpg,spider_web,lion
test\spider_web\n0427554800000990.jpg,spider_web,ladybug
test\spider_web\n0427554800000999.jpg,spider_web,ant
test\spider_web\n0427554800001013.jpg,spider_web,snorkel
test\spider_web\n0427554800001017.jpg,spider_web,toucan
test\spider_web\n0427554800001020.jpg,spider_web,fire_screen
test\spider_web\n0427554800001021.jpg,spider_web,dalmatian
test\spider_web\n0427554800001024.jpg,spider_web,catamaran
test\spider_web\n0427554800001032.jpg,spider_web,organ
test\spider_web\n0427554800001059.jpg,spider_web,coral_reef
test\spider_web\n0427554800001060.jpg,spider_web,lion
test\spider_web\n0427554800001061.jpg,spider_web,toucan
test\spider_web\n0427554800001064.jpg,spider_web,green_mamba
test\toucan\n0184338300000841.jpg,toucan,parallel_bars
test\toucan\n0184338300000846.jpg,toucan,spider_web
test\toucan\n0184338300000851.jpg,toucan,combination_lock
test\toucan\n0184338300000858.jpg,toucan,parallel_bars
test\toucan\n0184338300000863.jpg,toucan,parallel_bars
test\toucan\n0184338300000865.jpg,toucan,parallel_bars
test\toucan\n0184338300000869.jpg,toucan,dalmatian
test\toucan\n0184338300000873.jpg,toucan,goose
test\toucan\n0184338300000879.jpg,toucan,consomme
test\toucan\n0184338300000884.jpg,toucan,triceratops
test\toucan\n0184338300000889.jpg,toucan,spider_web
test\toucan\n0184338300000892.jpg,toucan,orange
test\toucan\n0184338300000893.jpg,toucan,parallel_bars
test\toucan\n0184338300000894.jpg,toucan,unicycle
test\toucan\n0184338300000896.jpg,toucan,lipstick
test\toucan\n0184338300000901.jpg,toucan,slot
test\toucan\n0184338300000905.jpg,toucan,organ
test\toucan\n0184338300000909.jpg,toucan,spider_web
test\toucan\n0184338300000921.jpg,toucan,ladybug
test\toucan\n0184338300000925.jpg,toucan,orange
test\toucan\n0184338300000926.jpg,toucan,orange
test\toucan\n0184338300000929.jpg,toucan,consomme
test\toucan\n0184338300000932.jpg,toucan,unicycle
test\toucan\n0184338300000945.jpg,toucan,lion
test\toucan\n0184338300000949.jpg,toucan,triceratops
test\toucan\n0184338300000952.jpg,toucan,green_mamba
test\toucan\n0184338300000960.jpg,toucan,parallel_bars
test\toucan\n0184338300000982.jpg,toucan,bookshop
test\toucan\n0184338300000985.jpg,toucan,carousel
test\toucan\n0184338300000989.jpg,toucan,consomme
test\toucan\n0184338300000992.jpg,toucan,triceratops
test\toucan\n0184338300000993.jpg,toucan,green_mamba
test\toucan\n0184338300000997.jpg,toucan,parallel_bars
test\toucan\n0184338300001005.jpg,toucan,parallel_bars
test\toucan\n0184338300001011.jpg,toucan,spider_web
test\toucan\n0184338300001016.jpg,toucan,triceratops
test\toucan\n0184338300001022.jpg,toucan,lipstick
test\toucan\n0184338300001029.jpg,toucan,green_mamba
test\toucan\n0184338300001036.jpg,toucan,snorkel
test\toucan\n0184338300001043.jpg,toucan,dalmatian
test\triceratops\n0170432300000865.jpg,triceratops,miniature_poodle
test\triceratops\n0170432300000868.jpg,triceratops,unicycle
test\triceratops\n0170432300000870.jpg,triceratops,catamaran
test\triceratops\n0170432300000874.jpg,triceratops,lipstick
test\triceratops\n0170432300000878.jpg,triceratops,king_crab
test\triceratops\n0170432300000881.jpg,triceratops,parallel_bars
test\triceratops\n0170432300000886.jpg,triceratops,king_crab
test\triceratops\n0170432300000887.jpg,triceratops,unicycle
test\triceratops\n0170432300000890.jpg,triceratops,black_footed_ferret
test\triceratops\n0170432300000892.jpg,triceratops,carousel
test\triceratops\n0170432300000898.jpg,triceratops,lipstick
test\triceratops\n0170432300000904.jpg,triceratops,black_footed_ferret
test\triceratops\n0170432300000906.jpg,triceratops,african_hunting_dog
test\triceratops\n0170432300000918.jpg,triceratops,african_hunting_dog
test\triceratops\n0170432300000920.jpg,triceratops,black_footed_ferret
test\triceratops\n0170432300000921.jpg,triceratops,goose
test\triceratops\n0170432300000925.jpg,triceratops,black_footed_ferret
test\triceratops\n0170432300000927.jpg,triceratops,lion
test\triceratops\n0170432300000933.jpg,triceratops,parallel_bars
test\triceratops\n0170432300000935.jpg,triceratops,miniature_poodle
test\triceratops\n0170432300000945.jpg,triceratops,combination_lock
test\triceratops\n0170432300000951.jpg,triceratops,african_hunting_dog
test\triceratops\n0170432300000952.jpg,triceratops,dalmatian
test\triceratops\n0170432300000954.jpg,triceratops,rhinoceros_beetle
test\triceratops\n0170432300000955.jpg,triceratops,photocopier
test\triceratops\n0170432300000958.jpg,triceratops,carousel
test\triceratops\n0170432300000959.jpg,triceratops,lion
test\triceratops\n0170432300000974.jpg,triceratops,dalmatian
test\triceratops\n0170432300000987.jpg,triceratops,rhinoceros_beetle
test\triceratops\n0170432300000988.jpg,triceratops,carousel
test\triceratops\n0170432300000991.jpg,triceratops,miniature_poodle
test\triceratops\n0170432300000993.jpg,triceratops,parallel_bars
test\triceratops\n0170432300000994.jpg,triceratops,ant
test\triceratops\n0170432300000995.jpg,triceratops,ashcan
test\triceratops\n0170432300000997.jpg,triceratops,rhinoceros_beetle
test\triceratops\n0170432300001000.jpg,triceratops,black_footed_ferret
test\triceratops\n0170432300001001.jpg,triceratops,king_crab
test\triceratops\n0170432300001007.jpg,triceratops,lion
test\triceratops\n0170432300001011.jpg,triceratops,goose
test\triceratops\n0170432300001014.jpg,triceratops,rhinoceros_beetle
test\triceratops\n0170432300001017.jpg,triceratops,unicycle
test\triceratops\n0170432300001022.jpg,triceratops,parallel_bars
test\triceratops\n0170432300001023.jpg,triceratops,organ
test\triceratops\n0170432300001025.jpg,triceratops,african_hunting_dog
test\triceratops\n0170432300001033.jpg,triceratops,carousel
test\triceratops\n0170432300001035.jpg,triceratops,lion
test\triceratops\n0170432300001043.jpg,triceratops,lipstick
test\triceratops\n0170432300001046.jpg,triceratops,photocopier
test\triceratops\n0170432300001047.jpg,triceratops,miniature_poodle
test\unicycle\n0450941700000862.jpg,unicycle,toucan
test\unicycle\n0450941700000866.jpg,unicycle,rhinoceros_beetle
test\unicycle\n0450941700000867.jpg,unicycle,slot
test\unicycle\n0450941700000871.jpg,unicycle,triceratops
test\unicycle\n0450941700000877.jpg,unicycle,catamaran
test\unicycle\n0450941700000882.jpg,unicycle,parallel_bars
test\unicycle\n0450941700000883.jpg,unicycle,combination_lock
test\unicycle\n0450941700000885.jpg,unicycle,ashcan
test\unicycle\n0450941700000887.jpg,unicycle,catamaran
test\unicycle\n0450941700000888.jpg,unicycle,cocktail_shaker
test\unicycle\n0450941700000890.jpg,unicycle,bookshop
test\unicycle\n0450941700000896.jpg,unicycle,triceratops
test\unicycle\n0450941700000898.jpg,unicycle,parallel_bars
test\unicycle\n0450941700000908.jpg,unicycle,parallel_bars
test\unicycle\n0450941700000916.jpg,unicycle,rhinoceros_beetle
test\unicycle\n0450941700000932.jpg,unicycle,triceratops
test\unicycle\n0450941700000933.jpg,unicycle,toucan
test\unicycle\n0450941700000941.jpg,unicycle,parallel_bars
test\unicycle\n0450941700000944.jpg,unicycle,snorkel
test\unicycle\n0450941700000950.jpg,unicycle,toucan
test\unicycle\n0450941700000953.jpg,unicycle,vase
test\unicycle\n0450941700000961.jpg,unicycle,cocktail_shaker
test\unicycle\n0450941700000968.jpg,unicycle,carousel
test\unicycle\n0450941700000970.jpg,unicycle,ashcan
test\unicycle\n0450941700000976.jpg,unicycle,african_hunting_dog
test\unicycle\n0450941700000977.jpg,unicycle,slot
test\unicycle\n0450941700000982.jpg,unicycle,african_hunting_dog
test\unicycle\n0450941700000985.jpg,unicycle,snorkel
test\unicycle\n0450941700000987.jpg,unicycle,photocopier
test\unicycle\n0450941700000995.jpg,unicycle,catamaran
test\unicycle\n0450941700001000.jpg,unicycle,combination_lock
test\unicycle\n0450941700001001.jpg,unicycle,triceratops
test\unicycle\n0450941700001003.jpg,unicycle,dalmatian
test\unicycle\n0450941700001006.jpg,unicycle,lipstick
test\unicycle\n0450941700001014.jpg,unicycle,carousel
test\unicycle\n0450941700001019.jpg,unicycle,bookshop
test\unicycle\n0450941700001023.jpg,unicycle,carousel
test\unicycle\n0450941700001024.jpg,unicycle,cocktail_shaker
test\unicycle\n0450941700001030.jpg,unicycle,photocopier
test\unicycle\n0450941700001033.jpg,unicycle,organ
test\unicycle\n0450941700001035.jpg,unicycle,consomme
test\unicycle\n0450941700001045.jpg,unicycle,combination_lock
test\unicycle\n0450941700001046.jpg,unicycle,goose
test\unicycle\n0450941700001047.jpg,unicycle,dalmatian
test\unicycle\n0450941700001054.jpg,unicycle,bookshop
test\unicycle\n0450941700001065.jpg,unicycle,parallel_bars
test\vase\n0452216800000872.jpg,vase,orange
test\vase\n0452216800000875.jpg,vase,carousel
test\vase\n0452216800000882.jpg,vase,slot
test\vase\n0452216800000883.jpg,vase,carousel
test\vase\n0452216800000885.jpg,vase,cocktail_shaker
test\vase\n0452216800000888.jpg,vase,ashcan
test\vase\n0452216800000891.jpg,vase,cocktail_shaker
test\vase\n0452216800000892.jpg,vase,bookshop
test\vase\n0452216800000893.jpg,vase,ant
test\vase\n0452216800000894.jpg,vase,dalmatian
test\vase\n0452216800000896.jpg,vase,photocopier
test\vase\n0452216800000897.jpg,vase,miniature_poodle
test\vase\n0452216800000899.jpg,vase,photocopier
test\vase\n0452216800000907.jpg,vase,ashcan
test\vase\n0452216800000908.jpg,vase,cocktail_shaker
test\vase\n0452216800000910.jpg,vase,combination_lock
test\vase\n0452216800000914.jpg,vase,dishrag
test\vase\n0452216800000915.jpg,vase,ashcan
test\vase\n0452216800000916.jpg,vase,cocktail_shaker
test\vase\n0452216800000921.jpg,vase,goose
test\vase\n0452216800000926.jpg,vase,dalmatian
test\vase\n0452216800000930.jpg,vase,toucan
test\vase\n0452216800000932.jpg,vase,miniature_poodle
test\vase\n0452216800000933.jpg,vase,cocktail_shaker
test\vase\n0452216800000934.jpg,vase,toucan
test\vase\n0452216800000936.jpg,vase,green_mamba
test\vase\n0452216800000938.jpg,vase,cocktail_shaker
test\vase\n0452216800000940.jpg,vase,photocopier
test\vase\n0452216800000943.jpg,vase,carousel
test\vase\n0452216800000947.jpg,vase,carousel
test\vase\n0452216800000949.jpg,vase,black_footed_ferret
test\vase\n0452216800000950.jpg,vase,photocopier
test\vase\n0452216800000954.jpg,vase,dishrag
test\vase\n0452216800000955.jpg,vase,snorkel
test\vase\n0452216800000956.jpg,vase,combination_lock
test\vase\n0452216800000959.jpg,vase,triceratops
test\vase\n0452216800000960.jpg,vase,snorkel
test\vase\n0452216800000961.jpg,vase,unicycle
test\vase\n0452216800000963.jpg,vase,catamaran
test\vase\n0452216800000964.jpg,vase,triceratops
test\vase\n0452216800000966.jpg,vase,cocktail_shaker
test\vase\n0452216800000967.jpg,vase,parallel_bars
test\vase\n0452216800000968.jpg,vase,lipstick
test\vase\n0452216800000972.jpg,vase,bookshop
test\vase\n0452216800000974.jpg,vase,orange
test\vase\n0452216800000980.jpg,vase,rhinoceros_beetle
test\vase\n0452216800000983.jpg,vase,parallel_bars
test\vase\n0452216800000984.jpg,vase,rhinoceros_beetle
test\vase\n0452216800000985.jpg,vase,lipstick
test\vase\n0452216800000986.jpg,vase,unicycle
test\vase\n0452216800000987.jpg,vase,consomme
test\vase\n0452216800000996.jpg,vase,consomme
test\vase\n0452216800000997.jpg,vase,catamaran
test\vase\n0452216800001003.jpg,vase,cocktail_shaker
test\vase\n0452216800001008.jpg,vase,dishrag
test\vase\n0452216800001010.jpg,vase,ant
test\vase\n0452216800001012.jpg,vase,cocktail_shaker
test\vase\n0452216800001013.jpg,vase,photocopier
test\vase\n0452216800001017.jpg,vase,dalmatian
test\vase\n0452216800001018.jpg,vase,triceratops
test\vase\n0452216800001027.jpg,vase,coral_reef
test\vase\n0452216800001031.jpg,vase,fire_screen
test\vase\n0452216800001034.jpg,vase,lipstick
test\vase\n0452216800001042.jpg,vase,cocktail_shaker
test\vase\n0452216800001048.jpg,vase,toucan
test\vase\n0452216800001054.jpg,vase,goose
test\vase\n0452216800001058.jpg,vase,dishrag
test\vase\n0452216800001060.jpg,vase,parallel_bars
test\vase\n0452216800001070.jpg,vase,combination_lock
test\vase\n0452216800001074.jpg,vase,unicycle
test\vase\n0452216800001075.jpg,vase,carousel
test\vase\n0452216800001076.jpg,vase,rhinoceros_beetle
test\vase\n0452216800001078.jpg,vase,dalmatian
test\vase\n0452216800001085.jpg,vase,combination_lock
test\vase\n0452216800001086.jpg,vase,ant
